Capacity,RatedHead,NPSH,Efficiency,MinHead,MaxHead,Power,Head (600 rpm),Head (1200 rpm),Head (1500 rpm),Head (2200 rpm),Head (2800 rpm)
0,3409.6933,,,2595.8881,3496.219,867.4632,97.9515,391.8062,612.1972,1316.9041,2133.167
17.7448,3408.6073,,0.0172,2594.8408,3495.1302,877.0395,97.7455,391.4194,611.7205,1316.2182,2132.3019
35.4897,3407.4637,,0.0342,2593.7413,3493.9833,886.4909,97.4948,390.9818,611.1913,1315.477,2131.3802
53.2345,3406.2664,,0.0509,2592.5941,3492.782,895.8165,97.2017,390.5007,610.6162,1314.6861,2130.4067
70.9793,3405.0187,,0.0673,2591.4028,3491.5298,905.0153,96.8516,389.9792,609.9994,1313.8498,2129.3851
88.7242,3403.7236,,0.0833,2590.1705,3490.2296,914.0867,96.4133,389.4163,609.3426,1312.971,2128.3186
106.469,3402.3835,,0.099,2588.8994,3488.8837,923.0297,95.8391,388.8068,608.6444,1312.0517,2127.2096
124.2138,3401.0003,,0.1144,2587.5915,3487.4942,931.8438,95.0645,388.1413,607.9011,1311.0923,2126.0596
141.9587,3399.5756,,0.1295,2586.2479,3486.0626,940.5285,94.0085,387.4063,607.1062,1310.0923,2124.8695
159.7035,3398.1103,,0.1444,2584.869,3484.5898,949.0831,92.5734,386.5842,606.2505,1309.0496,2123.6393
177.4483,3396.605,,0.1589,2583.4548,3483.0765,957.5073,90.6449,385.6532,605.3224,1307.9612,2122.3685
195.1932,3395.0597,,0.1733,2582.0045,3481.5227,965.8009,88.092,384.5873,604.3072,1306.8227,2121.0554
212.938,3393.4739,,0.1874,2580.5167,3479.9282,973.9634,84.7672,383.3563,603.1879,1305.6286,2119.6979
221.8104,3392.6656,,0.1943,2579.7581,3479.1154,977.9955,82.7647,382.6684,602.5832,1305.0085,2119.0015
230.6828,3391.8468,13.5919,0.2012,2578.9894,3478.292,981.9947,80.5064,381.926,601.9447,1304.3718,2118.2929
248.4276,3390.177,13.528,0.2149,2577.42,3476.6129,989.8948,75.1286,380.258,600.5552,1303.0444,2116.8369
266.1725,3388.4625,13.4682,0.2283,2575.8051,3474.889,997.6636,68.4363,378.3095,598.9943,1301.637,2115.3251
283.9173,3386.7012,13.4133,0.2416,2574.1409,3473.1183,1005.3011,60.2157,376.0339,597.2341,1300.1391,2113.7524
297.0502,3385.3657,13.3762,0.2513,2572.8748,3471.776,1010.8692,,374.1093,595.7853,1298.9653,2112.5457
301.6621,3384.8901,13.364,0.2546,2572.4228,3471.298,1012.8075,,373.3803,595.2443,1298.5389,2112.1127
319.407,3383.0259,13.3211,0.2675,2570.6456,3469.4249,1020.1831,,370.2935,592.9918,1296.8232,2110.3992
337.1518,3381.1049,13.2855,0.2802,2568.8036,3467.4954,1027.428,,366.7143,590.4408,1294.978,2108.6043
354.8966,3379.1228,13.2577,0.2927,2566.8903,3465.5054,1034.5427,,362.5795,587.553,1292.9876,2106.7197
372.6415,3377.0748,13.2385,0.3051,2564.8986,3463.4504,1041.5276,,357.8212,584.2872,1290.8353,2104.7364
390.3863,3374.9559,13.2285,0.3174,2562.8208,3461.3254,1048.3832,,352.368,580.5998,1288.5032,2102.6444
408.1311,3372.7602,13.2285,0.3294,2560.6486,3459.1248,1055.1102,,346.1439,576.4443,1285.972,2100.4331
425.876,3370.4816,13.2389,0.3414,2558.373,3456.8427,1061.7092,,339.0689,571.7718,1283.2212,2098.0911
443.6208,3368.1135,13.2604,0.3532,2555.9845,3454.4727,1068.181,,331.0589,566.5304,1280.2292,2095.6063
461.3656,3365.6488,13.2936,0.3649,2553.4727,3452.0079,1074.5264,,322.0255,560.6658,1276.9731,2092.9659
479.1105,3363.0798,13.339,0.3764,2550.8269,3449.4409,1080.7464,,311.8761,554.121,1273.4286,2090.1559
496.8553,3360.3985,13.3971,0.3879,2548.0355,3446.764,1086.8419,,300.5142,546.8364,1269.5703,2087.1622
514.6001,3357.5963,13.4684,0.3992,2545.0864,3443.9688,1092.814,,287.839,538.7494,1265.3717,2083.9694
532.345,3354.6642,13.5533,0.4104,2541.9668,3441.0466,1098.6639,,273.7454,529.7952,1260.8049,2080.5616
550.0898,3351.5927,13.6523,0.4215,2538.6635,3437.9883,1104.3928,,258.1244,519.9061,1255.8407,2076.9221
567.8346,3348.3718,13.7659,0.4325,2535.1622,3434.784,1110.002,,240.8627,509.0117,1250.4488,2073.0333
585.5795,3344.991,13.8944,0.4433,2531.4485,3431.4237,1115.4929,,221.8428,497.0389,1244.5976,2068.877
594.1003,3343.3076,13.9614,0.4485,2529.5852,3429.7516,1118.0879,,212.0494,490.8845,1241.6151,2066.7806
603.3243,3341.4395,14.0381,0.4541,2527.5069,3427.8967,1120.8669,,,483.9123,1238.2542,2064.4342
621.0691,3337.7056,14.1974,0.4647,2523.3217,3424.1921,1126.1257,,,469.5535,1231.3847,2059.6851
638.814,3333.7777,14.3726,0.4753,2518.8761,3420.2981,1131.2708,,,453.8813,1223.9537,2054.6091
656.5588,3329.6432,14.564,0.4857,2514.1532,3416.2029,1136.3039,,,436.8123,1215.9247,2049.185
674.3036,3325.2894,14.7719,0.4961,2509.135,3411.8939,1141.2269,,,418.2602,1207.2599,2043.3906
692.0484,3320.7029,14.9965,0.5063,2503.803,3407.3582,1146.0415,,,398.136,1197.9203,2037.2032
709.7933,3315.8699,15.238,0.5164,2498.1383,3402.5824,1150.7497,,,376.3479,1187.8656,2030.599
727.5381,3310.7761,15.4965,0.5264,2492.1211,3397.5527,1155.3535,,,352.8019,1177.0545,2023.5538
742.6254,3306.229,15.73,0.5349,2486.7127,3393.0658,1159.1874,,,,1167.2355,2017.198
745.2829,3305.4068,15.7724,0.5363,2485.7311,3392.2547,1159.8551,,,,1165.4441,2016.0424
763.0278,3299.7466,16.0656,0.5461,2478.9473,3386.6735,1164.2566,,,,1152.9904,2008.0388
780.7726,3293.78,16.3763,0.5558,2471.7481,3380.7939,1168.5601,,,,1139.6484,1999.5166
798.5174,3287.4906,16.7046,0.5653,2464.1113,3374.6003,1172.7682,,,,1125.3716,1990.4482
816.2623,3280.8618,17.0506,0.5747,2456.0139,3368.0763,1176.8832,,,,1110.1122,1980.8055
834.0071,3273.8766,17.4142,0.584,2447.4326,3361.2053,1180.9074,,,,1093.8215,1970.5594
851.7519,3266.5171,17.7955,0.5931,2438.3431,3353.9702,1184.8437,,,,1076.4493,1959.6804
869.4968,3258.7654,18.1945,0.6021,2428.7207,3346.3533,1188.6945,,,,1057.944,1948.1378
887.2416,3250.6028,18.6112,0.6109,2418.5401,3338.3367,1192.4626,,,,1038.2533,1935.9006
904.9864,3242.0103,19.0454,0.6195,2407.7751,3329.9018,1196.1507,,,,1017.3233,1922.9366
922.7313,3232.9683,19.497,0.628,2396.3991,3321.0295,1199.7619,,,,995.0986,1909.213
940.4761,3223.4569,19.9661,0.6364,2384.3849,3311.7005,1203.2989,,,,971.5233,1894.6965
958.2209,3213.4554,20.4523,0.6445,2371.7045,3301.8948,1206.765,,,,946.5396,1879.3527
975.9658,3202.943,20.9556,0.6525,2358.3293,3291.5919,1210.1631,,,,920.0887,1863.1464
993.7106,3191.8982,21.4758,0.6602,2344.2303,3280.7711,1213.4964,,,,892.1106,1846.042
1011.4554,3180.2991,22.0126,0.6678,2329.3775,3269.4111,1216.7683,,,,862.5441,1828.0029
1029.2003,3168.1231,22.5658,0.6751,2313.7404,3257.4899,1219.982,,,,831.3265,1808.9914
1046.9451,3155.3476,23.1351,0.6822,2297.2882,3244.9854,1223.1411,,,,798.3943,1788.9699
1064.6899,3141.9491,23.7203,0.689,2279.9889,3231.8749,1226.249,,,,763.6825,1767.8992
1082.4348,3127.9036,24.321,0.6956,2261.8102,3218.135,1229.3093,,,,727.1244,1745.7396
1089.1839,3122.3867,24.5534,0.6981,2254.6585,3212.7391,1230.4615,,,,712.7214,1737.0173
1100.1796,3113.1871,24.9368,0.702,2242.7193,3203.7423,1232.3256,,,,,1722.451
1117.9244,3097.7747,25.5675,0.708,2222.6825,3188.6726,1235.3017,,,,,1697.9921
1135.6692,3081.641,26.2126,0.7138,2201.6656,3172.9013,1238.2414,,,,,1672.3209
1153.4141,3064.7602,26.8717,0.7193,2179.6335,3156.4032,1241.1486,,,,,1645.3946
1171.1589,3047.1063,27.5443,0.7244,2156.5509,3139.153,1244.0274,,,,,1617.1701
1188.9037,3028.6525,28.23,0.7292,2132.3817,3121.1247,1246.8816,,,,,1587.6029
1204.1545,3012.1325,28.8294,0.7331,2110.7132,3104.9883,1249.3183,,,,,1561.0842
1206.6486,3009.3715,28.9283,0.7337,2107.089,3102.2916,1249.7156,,,,,1556.6479
1224.3934,2989.2359,29.6386,0.7378,2080.6355,3082.6272,1252.5334,,,,,1524.2597
1242.1382,2968.2173,30.3605,0.7416,2052.9831,3062.1038,1255.3393,,,,,1490.3917
1259.8831,2946.2871,31.0933,0.7449,2024.0931,3040.6935,1258.1378,,,,,1454.9963
1277.6279,2923.4164,31.8365,0.7479,1993.9264,3018.3682,1260.9333,,,,,1418.0259
1295.3727,2899.5755,32.5894,0.7504,1962.4429,2995.0992,1263.7303,,,,,1379.4316
1313.1176,2874.7343,33.3514,0.7525,1929.602,2970.8568,1266.5334,,,,,1339.1634
1330.8624,2848.8624,34.1219,0.7541,1895.3627,2945.6118,1269.3473,,,,,1297.1716
1348.6072,2821.9287,34.9,0.7552,1859.6831,2919.3338,1272.1768,,,,,1253.4048
1366.3521,2793.9016,35.6851,0.7558,1822.5205,2891.992,1275.0266,,,,,1207.8109
1380.2083,2771.2357,36.3026,0.756,1792.4431,2869.8825,1277.2692,,,,,1170.9046
1384.0969,2764.7494,36.4765,0.756,1783.8322,2863.5557,1277.9017,,,,,1160.3378
1386.2341,2761.1608,36.5722,0.7559,1779.0675,2860.0554,1278.2499,,,,,
1397.4324,2742.081,37.0749,0.7557,1753.7268,2841.4457,1280.0821,,,,,
1401.8417,2734.4396,37.2734,0.7556,1743.5744,2833.993,1280.8071,,,,,
1419.5866,2702.939,38.0749,0.7546,1701.7024,2803.2718,1283.7479,,,,,
1437.3314,2670.2146,38.8804,0.753,1658.1716,2771.3599,1286.7292,,,,,
1455.0762,2636.2323,39.6888,0.7509,1612.9364,2738.2241,1289.7562,,,,,
1472.8211,2600.9577,40.4993,0.7481,1565.9501,2703.8309,1292.8344,,,,,
1490.5659,2564.3562,41.3111,0.7447,1517.1664,2668.1467,1295.9689,,,,,
1508.3107,2526.3924,42.1232,0.7406,1466.5376,2631.137,1299.1653,,,,,
1526.0556,2487.0302,42.9347,0.7359,1414.0152,2592.7666,1302.4292,,,,,
1528.908,2480.5701,43.065,0.735,1405.3926,2586.4695,1302.9606,,,,,
1543.8004,2446.2339,43.7446,0.7304,,2553.0008,1305.7662,,,,,
1561.5452,2403.9664,44.5519,0.7242,,2511.8036,1309.1819,,,,,
1579.29,2360.1907,45.3555,0.7172,,2469.1387,1312.6822,,,,,
1597.0349,2314.8686,46.1545,0.7094,,2424.9691,1316.2729,,,,,
1614.7797,2267.9626,46.9477,0.7009,,2379.2582,1319.9599,,,,,
1632.5245,2219.4337,47.7341,0.6915,,2331.9682,1323.7493,,,,,
1650.2694,2169.2425,48.5125,0.6812,,2283.0606,1327.6471,,,,,
1668.0142,2117.3501,49.2817,0.6701,,2232.4975,1331.6595,,,,,
1685.759,2063.7159,50.0407,0.658,,2180.2395,1335.7928,,,,,
1703.5039,2008.2992,50.7881,0.645,,2126.2468,1340.0533,,,,,
1721.2487,1951.0596,51.5228,0.631,,2070.4801,1344.4473,,,,,
1738.9935,1891.9552,52.2436,0.616,,2012.8987,1348.9815,,,,,
1752.5959,1845.3594,52.7858,0.6038,,1967.505,1352.5561,,,,,
1756.7384,,,,,1953.4613,,,,,,
1774.4832,,,,,1892.1272,,,,,,
