scenario_id,nominal_leak1_gpm,nominal_leak2_gpm,leak_source,pump_outlet_flow_gpm_num_samples,pump_outlet_flow_gpm_duration_seconds,pump_outlet_flow_gpm_mean,pump_outlet_flow_gpm_std,pump_outlet_flow_gpm_min,pump_outlet_flow_gpm_max,pump_outlet_flow_gpm_range,pump_outlet_flow_gpm_median,pump_outlet_flow_gpm_q25,pump_outlet_flow_gpm_q75,pump_outlet_flow_gpm_iqr,pump_outlet_flow_gpm_rms,pump_outlet_flow_gpm_initial,pump_outlet_flow_gpm_final,pump_outlet_flow_gpm_delta,pump_outlet_flow_gpm_mean_abs_diff,pump_outlet_flow_gpm_std_diff,pump_outlet_flow_gpm_max_abs_diff,pump_outlet_flow_gpm_trend_slope_per_sec,pump_outlet_flow_gpm_area,pump_outlet_pressure_psi_num_samples,pump_outlet_pressure_psi_duration_seconds,pump_outlet_pressure_psi_mean,pump_outlet_pressure_psi_std,pump_outlet_pressure_psi_min,pump_outlet_pressure_psi_max,pump_outlet_pressure_psi_range,pump_outlet_pressure_psi_median,pump_outlet_pressure_psi_q25,pump_outlet_pressure_psi_q75,pump_outlet_pressure_psi_iqr,pump_outlet_pressure_psi_rms,pump_outlet_pressure_psi_initial,pump_outlet_pressure_psi_final,pump_outlet_pressure_psi_delta,pump_outlet_pressure_psi_mean_abs_diff,pump_outlet_pressure_psi_std_diff,pump_outlet_pressure_psi_max_abs_diff,pump_outlet_pressure_psi_trend_slope_per_sec,pump_outlet_pressure_psi_area
1,0,0,none,312,10,656.937081924553,529.166201171592,-5.92793987091374e-05,1410.77548043,1410.7755397094,687.311513275208,73.7206813934568,1216.36275851879,1142.64207712534,843.021772024246,-1.3965195709931e-05,1410.77548043,1410.7754943952,5.82753504277846,29.3242790739446,382.522355292715,211.466695584588,9390.67917908559,312,10,405.974107855215,62.9966283331844,110.697110181063,537.639547635227,426.942437454163,383.551685034341,374.963824319166,444.483294658876,69.5194703397106,410.817272808653,324.332592296231,537.639547635227,213.306955338995,2.05973607578564,9.79927342505819,88.6006817953684,25.9244598044857,4105.29632671137
2,10,0,segment1,460,10,855.326125445072,553.203754260967,-5.06307930347402e-05,1404.2189387049,1404.21898933569,1124.35619943859,326.824403954422,1383.78717250212,1056.9627685477,1018.3083434977,6.75472917505921,1404.2189387049,1397.46420952984,4.02405325287616,24.1487881366923,328.974164812736,160.666472873598,9533.1270468527,460,10,374.718470624316,93.9123713077053,110.683328996054,495.748857128789,385.065528132735,372.323794962785,323.959555310287,469.442445812444,145.482890502157,386.282659218328,322.71010256228,495.748857128789,173.038754566508,1.30085469257558,7.56801055833721,86.5685494818594,27.6334801080269,3730.22740492459
3,20,0,segment1,476,10,857.549792512381,552.097204896112,-5.04369883775483e-05,1404.2301256529,1404.23017608989,1124.89153300605,332.233620762487,1387.74526388401,1055.51164312153,1019.58943225618,13.6484561273326,1404.2301256529,1390.58166952557,3.93935463286009,23.8444220545773,334.281894012694,158.231889797575,9525.08301721326,476,10,374.664263457054,93.0078742163912,110.669508629573,493.440992335483,382.771483705911,370.407562665203,322.196882803233,470.381819853775,148.184937050543,386.012437277572,321.071293009365,493.440992335483,172.369699326118,1.24878583402559,7.3807047078904,84.511165158839,27.0737890710447,3713.3315697816
4,30,0,segment1,473,10,838.58575098164,555.890936903744,-5.01824908190608e-05,1404.23030237557,1404.23035255806,1040.25973168885,335.819496862231,1391.28357027844,1055.4640734162,1005.77705649713,20.5069359453027,1404.23030237557,1383.72336643026,3.93313730052261,23.9909231633292,339.510206155001,155.032371263627,9545.68057764901,473,10,370.832407430434,94.1729698841087,110.656231822559,491.174667424537,380.518435601978,359.752601607688,320.434098934693,471.258071634514,150.823972699821,382.578714886183,319.453906767811,491.174667424537,171.720760656726,1.24855109034709,7.3490660986135,82.4772093870575,26.7246832844723,3696.5723344744
5,40,0,segment1,477,10,846.101750503804,556.693780398215,-4.97303503576961e-05,1404.21956235364,1404.21961208399,1088.05501870496,340.123198173729,1386.30226329874,1046.17906512501,1012.4951531275,27.3295260987092,1404.21956235364,1376.89003625493,3.9531342180589,23.9772416454411,344.753881119764,152.338173982432,9534.64134527354,477,10,369.898441849909,95.3952822778731,110.64450765868,489.2132181101,378.56871045142,362.928063383193,318.729474178553,472.180720241071,153.451246062518,381.976490180885,317.857718931341,489.2132181101,171.35549917876,1.2306343006079,7.26081070558533,80.4662162258788,26.6694039663614,3683.30883609895
7,60,0,segment1,471,10,848.339563547918,555.516494515359,-4.91291255205937e-05,1404.33857065693,1404.33861978606,1087.05908009415,350.431186920168,1392.69769867077,1042.2665117506,1013.71760963536,40.8647137342153,1404.33857065693,1363.47385692272,4.02514347049066,24.3272449656685,355.425561750315,146.412634939036,9560.32502720278,471,10,366.641647727759,98.427347052559,110.618951995321,484.778378652146,374.159426656825,358.700951350352,315.262364225849,473.913270725724,158.650906499875,379.596458908634,314.728006207454,484.778378652146,170.050372444693,1.23035848667505,7.2005251652204,76.5142246970175,26.4597363264912,3650.6179319205
8,70,0,segment1,490,10,803.812920920861,573.044623955719,-4.88332619862432e-05,1404.42409579473,1404.42414462799,987.679130796802,351.439498290773,1395.08006904413,1043.64057075336,986.82581509136,47.580519853173,1404.42409579473,1356.84357594155,3.91201430870765,23.929745026445,359.512604538609,149.569376424381,9542.61775181301,490,10,361.122324569116,97.8543935166158,110.606269737064,482.575653097714,371.969383360649,344.842784801388,313.478617290902,474.702465396483,161.223848105581,374.119331005539,313.193032870732,482.575653097714,169.382620226982,1.1753039004569,7.00403993542231,74.5712586414751,26.1269459991101,3635.97327490232
9,80,0,segment1,483,10,791.65383184903,578.090851741154,-4.85385258126083e-05,1404.52245688757,1404.52250542609,943.977763143212,352.597963433484,1397.1086437072,1044.51068027372,979.904546161771,54.2614438364554,1404.52245688757,1350.26101305111,3.95159186889832,24.0384800397471,361.053456343827,148.135191293081,9554.71846461992,483,10,358.964238323709,98.1484546961237,110.593653967399,480.378594222665,369.784940255267,338.320557242168,311.812268409284,475.445378554793,163.633110145509,372.113556872727,311.677613313336,480.378594222665,168.70098090933,1.18467692739214,6.98744978107061,72.802294243248,25.7933287697808,3619.90547569046
11,100,0,segment1,354,10,580.977823621419,526.453846274688,-4.79604943876034e-05,1404.72378226378,1404.72383022427,377.815941269733,13.8871520294269,1158.12738853429,1144.24023650486,783.52151462207,67.3546642720174,1404.72378226378,1337.36911799176,5.3885649434267,27.9594421095023,363.925641896741,202.224135126095,9565.56824081957,354,10,314.344847856988,80.6397562407728,110.568929595774,476.092530379317,365.523600783543,310.376557413166,307.083341102521,361.122035842397,54.0386947398758,324.49512207923,308.740640902233,476.092530379317,167.351889477084,1.59721764101128,8.01098592279308,72.8320462717448,30.1802072678085,3588.20110153227
12,0,10,segment2,326,10,647.604095507589,510.519556308879,-5.92777904291925e-05,1410.78458417825,1410.78464345604,453.937808544238,73.7965334278575,1189.4436676003,1115.64713417244,824.149138625782,-1.39623508074973e-05,1410.78458417825,1410.7845981406,5.56169723507245,28.6936520511663,382.529237439639,209.256507556886,9390.89676790256,326,10,403.935497082978,61.3230433547581,110.697110012168,537.60751885428,426.910408842112,380.228659782885,374.969793170655,435.620787263035,60.6509940923792,408.549710715714,324.332592127556,537.60751885428,213.274926726724,1.97091043371539,9.58591115195685,88.6006817553816,25.8924852790561,4105.16086561081
13,10,10,both,489,10,891.833583735791,548.399617783293,-5.0630793003896e-05,1404.23093616541,1404.2309867962,1208.78355141112,327.948111692372,1383.61769641314,1055.66958472077,1046.65862021055,6.754729177696,1404.23093616541,1397.47620698771,3.81970015462643,23.4378946705163,328.974164518639,159.385620280036,9522.54229396991,489,10,381.243749731515,93.0665455718609,110.683329066429,495.772922041333,385.089592974905,389.711584988507,324.126446676165,469.570801696365,145.4443550202,392.416190003155,322.710102561651,495.772922041333,173.062819479682,1.22359911605122,7.33773112630338,86.5685494810699,27.4299249166408,3730.088443211
14,20,10,both,511,10,892.863732935262,548.594977694651,-5.04369883949628e-05,1404.23201120841,1404.2320616454,1210.18763284523,333.29362092753,1387.26889136275,1053.97527043522,1047.65124887671,13.6484561299574,1404.23201120841,1390.58355507845,3.71669004962203,23.0267198556617,334.281895458985,156.912489524787,9526.84474332021,511,10,380.759973475474,92.6792379875289,110.669508582206,493.448842032409,382.779333450203,389.222061388487,322.335311926348,470.452459570786,148.117147644437,391.855572210603,321.071293008744,493.448842032409,172.377549023665,1.16310023720258,7.12237558583417,84.5111651580584,26.9510129246949,3713.33448289509
15,30,10,both,498,10,864.328155495144,556.430637581779,-5.01824907404991e-05,1404.22657058907,1404.22662077156,1141.39532897414,337.134725368426,1390.92139217113,1053.7866668027,1027.64609562072,20.5069359479155,1404.22657058907,1383.71963464116,3.72646113545545,23.383523553316,339.510205925404,153.919749923504,9533.91204514709,498,10,375.550967821142,95.1627834357369,110.656232083911,491.174644304963,380.518412221052,371.759613451471,320.466547508989,471.30438408542,150.837836576431,387.396825146172,319.453906767198,491.174644304963,171.720737537766,1.18574666182363,7.16213992020577,82.4772093862848,26.7107736312413,3697.80332628242
16,40,10,both,509,10,879.286745122335,555.473195503226,-4.97303502535654e-05,1404.21579596961,1404.21584569996,1186.12328792183,341.847018134163,1386.34173713904,1044.49471900488,1039.75451984596,27.3295261013094,1404.21579596961,1376.8862698683,3.71095634186658,23.2297344483028,344.753887860002,150.604476572104,9535.74812669647,509,10,375.981187907381,95.7040720477581,110.644507569608,489.212816198278,378.568308628671,377.947086097707,318.839143264595,472.222699859424,153.383556594829,387.947326877492,317.857718930735,489.212816198278,171.355097267544,1.15311323896225,7.02827020550847,80.4662162251149,26.5327405378986,3683.435327455
18,60,10,both,496,10,876.777175314263,555.096934068392,-4.9129125534128e-05,1404.34056633357,1404.3406154627,1161.74601699261,351.983303960017,1392.83339964386,1040.85009568384,1037.42449666037,40.8647137367912,1404.34056633357,1363.47585259678,3.810563042105,23.7066248413614,355.425562625798,144.479702124953,9561.06360531496,496,10,372.564910084253,99.0968259793056,110.618952010956,484.77781691948,374.158864908523,370.179284470643,315.361753943424,473.945036882638,158.583282939214,385.493183329364,314.728006206863,484.77781691948,170.049810712617,1.16821803427711,7.01661924244662,76.5142246962702,26.2867078638929,3650.64946431494
19,70,10,both,522,10,837.068209822657,573.493801379666,-4.88332620066543e-05,1404.41825897904,1404.4183078123,1089.37185090641,351.759355469897,1394.78892766464,1043.02957219474,1014.37086945465,47.5805198557367,1404.41825897904,1356.83773912331,3.63354524431998,23.1628367865718,359.51252762672,146.245675157206,9546.67521484961,522,10,367.787816494752,98.9858493211116,110.606269743787,482.569468915998,371.963199172211,358.340589811485,313.495760473509,474.701253104083,161.205492630574,380.850765829407,313.193032870148,482.569468915998,169.37643604585,1.10310452742911,6.78675697762192,74.5712586407354,25.863232001239,3636.11150669207
20,80,10,both,511,10,823.139380078471,578.143896434231,-4.8538535805232e-05,1404.52501008118,1404.52505861972,1041.28515992607,356.335538090578,1397.02751258904,1040.69197449846,1005.56187960604,54.261443839007,1404.52501008118,1350.26356624217,3.71841006490482,23.3687353358211,361.054426197919,145.176229152575,9555.60107499179,511,10,365.051115681106,99.0217184649328,110.593654034376,480.377797724985,369.784143690608,351.378657494647,311.817116716799,475.436540294229,163.61942357743,378.217436578924,311.677613312759,480.377797724985,168.700184412225,1.11963340359291,6.79317822867935,72.8022942432538,25.5575077775447,3620.07380069847
21,90,10,both,497,10,805.779123866827,580.381059474277,-4.82451949040604e-05,1404.62526137517,1404.62530962037,991.602247734128,357.351331562603,1398.86835246616,1041.51702090356,992.695532276922,60.9077101016832,1404.62526137517,1343.71755127349,3.8316601155068,23.6649111760156,362.506213477113,144.189647588218,9558.63151187377,497,10,360.246725800158,99.8229523580308,110.581103590153,478.203079179785,367.621975589632,342.4970058832,310.168286999734,476.15124998604,165.982962986307,373.794429768995,310.181369039052,478.203079179785,168.021710140733,1.14388243709273,6.82205749299067,72.8173967456025,25.5121483375648,3602.4276898144
22,100,10,both,346,10,559.609092165357,520.515936398927,-4.79604847021131e-05,1404.69401368068,1404.69406164117,377.546995552653,13.886293712346,1115.07607936058,1101.18978564823,763.751348037036,67.3546642745448,1404.69401368068,1337.33934940614,5.43835792891803,28.2524012696651,363.923177468025,202.548888937289,9568.5387313084,346,10,311.176022114943,80.2482972720514,110.568929367042,476.070542445176,365.501613078133,310.072454427515,307.065323354009,354.882603611404,47.8172802573952,321.328015969328,308.74064090167,476.070542445176,167.329901543506,1.63419404508187,8.10631526252065,72.8320462717505,30.3741342070333,3584.23196835041
23,0,20,segment2,325,10,654.024897516537,513.058968991528,-5.92761413348961e-05,1410.80330664854,1410.80336592468,454.129473366357,73.8414696062841,1195.75353056046,1121.91206095418,830.763585681068,-1.39594337236869e-05,1410.80330664854,1410.80332060797,5.61804768687102,28.7371416937331,382.51230889991,203.257621568454,9391.47736747438,325,10,405.21961519903,62.6393020390385,110.69710983898,537.604235494816,426.907125655835,380.496096053739,374.960123632726,437.359707109691,62.3995834769648,410.017738437989,324.332591954603,537.604235494816,213.271643540213,1.97698335731932,9.5996229648675,88.6006817143843,25.6326420956286,4105.10764390384
24,10,20,both,492,10,893.140434009608,548.580622438704,-5.06307930130903e-05,1404.21619046605,1404.21624109684,1209.35988384616,327.878245424608,1383.74518363459,1055.86693820998,1047.86872559976,6.75472918039974,1404.21619046605,1397.46146128565,3.81594249861653,23.3771156254254,328.974164850354,159.461478760001,9524.97619996468,492,10,381.733986336571,93.1031633732633,110.683329035705,495.783481244579,385.100152208874,390.158057761906,324.157865825727,469.532053050986,145.37418722526,392.901281575673,322.710102561005,495.783481244579,173.073378683573,1.21614445602851,7.31499228757203,86.5685494802603,27.4162654260906,3729.85832777037
25,20,20,both,506,10,883.80835063357,552.067421990689,-5.04369884432234e-05,1404.22965260543,1404.22970304241,1196.7030594315,332.92418273792,1387.52017502003,1054.59599228211,1041.77411666032,13.6484561326488,1404.22965260543,1390.58119647278,3.71537733640164,23.1247278439831,334.281895631001,156.727478726402,9536.43716461301,506,10,379.613435782919,93.8057983121955,110.669508480331,493.450965344994,382.781456864663,384.211468002211,322.259995064157,470.448156984217,148.18816192006,391.009588185201,321.071293008106,493.450965344994,172.379672336888,1.17462028620961,7.1578981219113,84.5111651572576,27.0169531958049,3713.49307609388
26,30,20,both,509,10,878.180673178147,552.885568899049,-5.01824908187605e-05,1404.23972826499,1404.23977844748,1182.09957848651,337.665443841051,1390.63735783776,1052.9719139967,1037.44069330461,20.5069359505947,1404.23972826499,1383.7327923144,3.70211134240357,23.1496150381482,339.510206151478,153.902618840028,9542.97186105078,509,10,377.423890674477,93.8581233751771,110.6562318222,491.192639639756,380.536407817556,378.049044221474,320.516806346926,471.314826914562,150.798020567637,388.896944459204,319.453906766568,491.192639639756,171.738732873188,1.16010647019416,7.08205791895058,82.4772093854924,26.6280437499135,3696.65285430851
27,40,20,both,502,10,879.865499965354,553.178879478749,-4.97303503342639e-05,1404.20800427686,1404.20805400721,1183.51880386288,342.080425223587,1386.36067943214,1044.28025420855,1039.01905434261,27.3295261039756,1404.20800427686,1376.87847817288,3.73116308586489,23.3786244898098,344.753892990213,149.559537886007,9544.42788839955,502,10,376.898787880468,94.8972130914051,110.644507364867,489.200295896321,378.555788531454,376.68099210943,318.899044885949,472.211972650354,153.312927764406,388.638956041463,317.857718930113,489.200295896321,171.342576966208,1.16919961180109,7.07869951712569,80.4662162243315,26.2814715977131,3681.74826997455
28,50,20,both,505,10,881.067002161612,555.340134330836,-4.94279341091328e-05,1404.26541968935,1404.26546911729,1187.73273585529,347.174546908754,1389.80285342467,1042.62830651591,1041.18731684097,34.1146467266219,1404.26541968935,1370.15077296273,3.75962729973313,23.3998728900151,350.133684237016,147.680706255095,9551.9176047964,505,10,374.445609197621,98.2903083137014,110.631699214897,486.993584452963,376.361885238066,377.352130620878,317.105574935183,473.100043987389,155.994469052206,387.106404355432,316.282726118695,486.993584452963,170.710858334268,1.1547875372092,7.00401375967032,78.4790185222421,26.5972287918529,3667.26816312142
29,60,20,both,498,10,880.463041792907,555.353038094804,-4.91291255349495e-05,1404.33492350354,1404.33497263267,1183.55544391854,352.178986607628,1392.90636342932,1040.7273768217,1040.67903488326,40.8647137394326,1404.33492350354,1363.47020976411,3.8161037309122,23.6565836434342,355.425562699899,144.726387727672,9560.84918339416,498,10,373.193782046363,99.073042152869,110.618952012149,484.772547380169,374.153595368019,373.198454303307,315.372240396091,473.919302078888,158.547061682796,386.095010152983,314.728006206257,484.772547380169,170.044541173912,1.16350635296669,7.00268056815526,76.5142246955036,26.3045714237684,3650.56483236349
30,70,20,both,519,10,833.75567060406,574.929633972302,-4.88332620064734e-05,1404.42619318217,1404.42624201543,1087.51037778463,351.685158570859,1395.61068349363,1043.92552492277,1012.45035226534,47.5805198583656,1404.42619318217,1356.84567332381,3.644729947577,23.2283547370414,359.512527610429,146.46480392463,9547.516041976,519,10,367.622238458955,99.2952483207027,110.606269743781,482.577048832116,371.970779088335,356.83290552783,313.491847742031,474.699803205481,161.207955463451,380.771137758012,313.19303286955,482.577048832116,169.384015962566,1.10950779674794,6.80632277448636,74.5712586399772,25.8640616771504,3636.16783432545
31,80,20,both,505,10,819.883735737897,578.748866394737,-4.85385358050612e-05,1404.51691461292,1404.51696315146,1038.98975846199,356.074520093817,1396.52249107343,1040.44797097962,1003.2429031188,54.2614438416233,1404.51691461292,1350.2554707713,3.75936701722128,23.505329989871,361.054426190267,145.452885856559,9555.78223267419,505,10,364.44833453072,99.1462565314544,110.593654034371,480.380463526188,369.786809491817,349.436398334205,311.815872968021,475.427888485741,163.61201551772,377.667980399611,311.677613312168,480.380463526188,168.70285021402,1.13296766198019,6.83339992548204,72.8022942432595,25.594413047825,3620.06973641006
33,100,20,both,358,10,588.21993050045,526.443482813793,-4.79604991800418e-05,1404.71210461754,1404.71215257804,377.871709231784,13.8880362874184,1160.54434225394,1146.65630596652,788.905118186946,67.3546642771363,1404.71210461754,1337.3574403404,5.34644482878794,27.8221686556522,363.910076567138,203.149816502198,9562.0564697375,358,10,315.374011283374,80.0613189937236,110.568929642717,476.086475761012,365.517546118295,310.643739208633,307.087121577273,362.354209723136,55.2670881458633,325.350084188354,308.740640901093,476.086475761012,167.345834859919,1.57932452475271,7.96625909066574,72.832046259703,30.1259160934491,3587.90399300654
34,0,30,segment2,331,10,668.146327363463,506.853024163567,-5.92744924262876e-05,1410.82460063817,1410.82465991266,698.695613501349,73.886950882237,1194.88862490001,1121.00167401777,838.178602672763,-1.39565169840795e-05,1410.82460063817,1410.82461459469,5.50758999243393,28.4930120233152,382.510556377528,201.461114097295,9390.76399859108,331,10,405.096851363283,61.841143886002,110.697109665807,537.56938848158,426.872278815772,384.51342650269,374.955313144311,436.74015533714,61.7848421928292,409.775831648642,324.332591781671,537.56938848158,213.236796699908,1.94093260888375,9.5115804769695,88.600681673396,25.6677302021699,4104.9890820993
35,10,30,both,496,10,896.927285564379,547.796085623157,-5.0630793012003e-05,1404.21880327601,1404.2188539068,1222.67775273954,327.996745562843,1383.77521379713,1055.77846823429,1050.69220321757,6.75472918310315,1404.21880327601,1397.46407409291,3.77186570734121,23.2774749875612,328.974164828543,159.130245218505,9525.39829185887,496,10,382.302553336101,92.9810211933663,110.683329039832,495.7888693031,385.105540263268,391.950544606475,324.173514635842,469.556648057841,145.383133421999,393.425065553518,322.71010256036,495.7888693031,173.07876674274,1.20632791102587,7.28511075840787,86.568549479451,27.3947875491606,3730.19566455379
36,20,30,both,497,10,876.318607714373,552.736697985191,-5.04369884749774e-05,1404.21856147208,1404.21861190906,1181.86600056145,332.629102388937,1387.58569049294,1054.956588104,1035.77866142679,13.64845613534,1404.21856147208,1390.57010533674,3.75146145875466,23.3217292333921,334.281895188781,156.714711077966,9539.60178780985,497,10,378.6473669828,93.9801854909228,110.669508460066,493.440312201623,382.770803741557,379.866907266922,322.235448973882,470.414319424335,148.178870450453,390.113230498941,321.071293007469,493.440312201623,172.369019194154,1.1959124827445,7.22406097662467,84.511165156457,26.9981081548397,3713.04651331257
37,30,30,both,514,10,881.911071832025,553.161572250688,-5.0182490818147e-05,1404.22894068263,1404.22899086513,1186.112711169,337.686407414035,1390.85386221248,1053.16745479844,1040.74951682754,20.5069359532735,1404.22894068263,1383.72200472936,3.65509822714785,23.0226995100941,339.510206176009,153.139295698482,9544.95224057387,514,10,378.564987295849,94.1863519189929,110.656231822547,491.198702543192,380.542470720644,380.553489804086,320.536978394336,471.331463352106,150.79448495777,390.083657188081,319.453906765939,491.198702543192,171.744795777253,1.14881120811039,7.04763473797683,82.4772093847002,26.5576700155708,3696.68052053533
38,40,30,both,505,10,873.401780295583,556.297207329432,-4.97303502802153e-05,1404.21411190581,1404.21416163616,1161.21061484934,341.298592796284,1386.39189935633,1045.09330656005,1035.22193156415,27.3295261066415,1404.21411190581,1376.88458579917,3.72113463615569,23.3095293092013,344.753886159125,150.395844321484,9536.9849875447,505,10,375.782818117769,96.0477314284203,110.644507595163,489.217917130664,378.5734095355,373.81739159448,318.825293405212,472.209728987644,153.384435582432,387.839690398265,317.857718929492,489.217917130664,171.360198201172,1.16227505210839,7.05646901408264,80.4662162235484,26.4799093435233,3683.51783992591
39,50,30,both,511,10,894.664071552092,551.455741861161,-4.94279342857704e-05,1404.26441696613,1404.26446639407,1211.13298749067,348.103565141424,1389.84050606879,1041.73694092736,1050.68174144369,34.1146467292746,1404.26441696613,1370.14977023686,3.71684480410692,23.2660470740062,350.1336734715,146.702427015743,9542.19370834822,511,10,377.166928163507,96.8593925880531,110.631699572514,486.993646407759,376.361946835245,383.744154850316,317.224576409807,473.102470960865,155.877894551058,389.381912856221,316.282726118082,486.993646407759,170.710920289677,1.14120192132501,6.9625407356407,78.4790185214677,26.3460177225269,3667.07634170033
40,60,30,both,504,10,882.098879340224,553.86874881498,-4.91291255345134e-05,1404.33758669321,1404.33763582233,1184.33098555681,352.358382689898,1392.9638523545,1040.6054696646,1041.27822988853,40.8647137420736,1404.33758669321,1363.47287295114,3.77683448233907,23.5292146329737,355.425562690877,144.222994833613,9559.43413965285,504,10,373.370078627,98.764463422562,110.618952011775,484.77391776087,374.154965749095,373.013745396524,315.394258430067,473.90910158834,158.514843158274,386.186847060668,314.728006205651,484.77391776087,170.045911555219,1.14963027396704,6.96029515694904,76.5142246947372,26.2489415244653,3650.59093555716
41,70,30,both,516,10,833.950231051584,573.629675870812,-4.88332619857245e-05,1404.42608888243,1404.42613771569,1086.86527046937,351.804752468146,1395.70672231885,1043.90196985071,1011.87266845411,47.5805198609941,1404.42608888243,1356.84556902144,3.68117725673403,23.3052797588834,359.512604566908,146.443364475848,9545.58463550991,516,10,367.221327882062,98.9898224858864,110.606269737051,482.580290534788,371.974020797737,356.507973691691,313.49269859896,474.686101413794,161.193402814834,380.304481075796,313.193032868951,482.580290534788,169.387257665837,1.11597717427235,6.82545480307647,74.5712586392189,25.8777967801761,3636.07437496256
42,80,30,both,504,10,816.450057696888,580.053290517517,-4.85385347477466e-05,1404.50011625992,1404.50016479846,1035.11775545134,356.160170739897,1397.98013273238,1041.81996199248,1001.19175664684,54.2614438442393,1404.50011625992,1350.23867241568,3.71686792572645,23.5144551274993,361.05813324311,144.451209648457,9559.096051558,504,10,364.81391458321,99.927905144327,110.593653930484,480.366650835512,369.772996905029,347.922963362556,311.815564062133,475.407347157509,163.591783095376,378.226077669131,311.677613311577,480.366650835512,168.689037523936,1.13518922146642,6.84226201543018,72.8022942505564,25.4990544218616,3619.83205724465
43,90,30,both,491,10,797.724318370963,578.793347959114,-4.82451971994476e-05,1404.61898894668,1404.61903719188,986.897041592646,357.2980518681,1397.41194298579,1040.11389111769,985.232735530045,60.9077101068905,1404.61898894668,1343.71127883979,3.87757444673904,23.8250287465858,362.50516827238,144.378754624252,9556.71044710126,491,10,358.757820848049,99.4437985683207,110.581103641324,478.197459418364,367.61635577704,340.441321356345,310.167703239465,476.117923156995,165.950219917531,372.258112635744,310.181369037884,478.197459418364,168.01609038048,1.15787867089536,6.86375484247996,72.8173966802144,25.5238108315498,3603.03626001264
44,100,30,both,353,10,570.972553618405,523.849813144429,-4.79604847017942e-05,1404.70318316372,1404.7032311242,377.767137218515,13.8866919769535,1129.21885062275,1115.3321586458,774.371289395177,67.3546642797276,1404.70318316372,1337.34851888399,5.36745749727679,27.989301050859,363.923177286242,203.792711078303,9566.38430011768,353,10,312.679267284008,80.3131139695437,110.568929367032,476.078852099892,365.50992273286,310.283138758816,307.075628142539,358.037533996696,50.961905854157,322.800631898473,308.740640900516,476.078852099892,167.338211199376,1.60171947503823,8.02410433163051,72.8320462717623,30.390958731441,3584.28098904797
45,0,40,segment2,339,10,671.503268810299,498.599268953641,-5.92728436958168e-05,1410.81734349095,1410.81740276379,693.65754600037,73.9294924807156,1172.92094484496,1098.99145236424,835.933331109256,-1.39536005753242e-05,1410.81734349095,1410.81735744455,5.37100840244162,28.1689582617302,382.541519628234,202.992034130303,9389.07506314733,339,10,404.228560225776,60.3624200204665,110.697109492647,537.521074171821,426.823964679174,386.262075493661,374.95432710802,433.579618228791,58.6252911207712,408.697446170359,324.332591608761,537.521074171821,213.188482563061,1.89485043430559,9.39900959784884,88.6006816324168,25.7798215499904,4104.74386057457
46,10,40,both,504,10,899.816291311387,549.685429384074,-5.06307930289274e-05,1404.21854507323,1404.21859570403,1227.00993940072,327.985134546396,1384.07271529214,1056.08758074575,1054.1460607242,6.75472918580622,1404.21854507323,1397.46381588743,3.7057979600397,23.095431286488,328.97416488324,158.769688878111,9529.68731570279,504,10,383.015540728967,93.7906155695913,110.683329005261,495.779948570854,385.096619565593,394.266392303136,324.171942811395,469.57764106199,145.405698250596,394.30968829021,322.710102559715,495.779948570854,173.069846011139,1.18712404634027,7.22746863373245,86.5685494786416,27.4327880725723,3730.40148414173
47,20,40,both,517,10,898.733149919713,548.194784977708,-5.04369883744465e-05,1404.21571555847,1404.21576599546,1223.853891871,333.408495300673,1387.68589455646,1054.27739925578,1052.45309883059,13.6484561380307,1404.21571555847,1390.56725942044,3.64007310368833,22.8944123792358,334.281894861504,155.146274549117,9525.68417389775,517,10,382.307772869712,93.1520532525121,110.66950860601,493.462247809359,382.792739203349,390.277013635022,322.38051958669,470.493179491168,148.112659904477,393.471414801885,321.071293006832,493.462247809359,172.390954802527,1.14960179591318,7.08083971522722,84.5111651556568,26.82866550711,3713.35405681028
48,30,40,both,517,10,884.466747601021,552.565288765634,-5.01824907853308e-05,1404.24193903695,1404.24198921944,1188.67326998602,337.856974483843,1390.44734315956,1052.59036867572,1042.60215268709,20.506935955952,1404.24193903695,1383.73500308099,3.65083950991735,22.9614606702949,339.510207424867,153.475585320929,9542.72282357296,517,10,378.869228829315,93.9710268339721,110.656231850008,491.197441407453,380.541209557445,382.192890412075,320.547678047989,471.334386042736,150.786707994747,390.327255085951,319.45390676531,491.197441407453,171.743534642143,1.14212962898912,7.02666468253546,82.4772093839079,26.5820708260186,3697.01294596049
49,40,40,both,525,10,889.252855851547,554.365440117907,-4.97303504017812e-05,1404.21760708014,1404.21765681049,1210.79637213046,342.555431765084,1386.42094572789,1043.86551396281,1047.61935330799,27.3295261093071,1404.21760708014,1376.88808097083,3.6277868566479,22.8813057842433,344.753874251094,150.474347751472,9529.67099059063,525,10,378.197788447185,95.5076176265766,110.644507728462,489.221647302223,378.577139573761,385.622472528145,318.925204850379,472.208357028785,153.283152178406,390.048583556982,317.857718928871,489.221647302223,171.363928373352,1.11792052693042,6.91954468715218,80.4662162227652,26.4754290361825,3683.60094500907
50,50,40,both,513,10,892.112206716903,552.529638069625,-4.94279340078212e-05,1404.26358906246,1404.26363849039,1209.89395664963,347.985781277605,1389.85936694133,1041.87358566372,1049.07487104289,34.1146467319271,1404.26358906246,1370.14894233053,3.69583798435648,23.2143959239556,350.133678476355,146.633174318237,9544.95524826875,513,10,377.00737145364,97.0711471114446,110.631699498155,486.996057362193,376.364357864038,382.601013580811,317.211779330664,473.096105704161,155.884326373496,389.280101836593,316.282726117469,486.996057362193,170.713331244724,1.13674881056403,6.9489548988088,78.4790185206933,26.3278354603645,3667.17021382506
51,60,40,both,502,10,886.779081311609,554.278068748397,-4.91291255345254e-05,1404.3298583688,1404.32990749793,1188.8731865574,353.242257493331,1392.99361857974,1039.75136108641,1045.4612934938,40.8647137447144,1404.3298583688,1363.46514462409,3.75811984891008,23.5630467292944,355.425562697863,143.30845524623,9561.38456572834,502,10,374.344817743887,99.3285417756589,110.6189520117,484.768227551258,374.149275539558,375.999026348487,315.380849863225,473.915911680067,158.535061816842,387.273221485007,314.728006205045,484.768227551258,170.040221346213,1.15420825867339,6.97529218764849,76.5142246939709,26.2212420891107,3650.59061150236
52,70,40,both,524,10,845.770867940075,574.396603680372,-4.88332619267199e-05,1404.41715208398,1404.41720091724,1126.63448883423,352.75237749051,1395.79803854001,1043.0456610495,1022.07151373474,47.5805198636223,1404.41715208398,1356.83663222035,3.62454622390984,23.1204291377358,359.512716160633,146.018959527962,9546.70482116477,524,10,369.649153472479,99.4152161117295,110.606269727225,482.572079406984,371.965809679759,361.397238173001,313.502933101867,474.676437222018,161.173504120151,382.759742443397,313.193032868353,482.572079406984,169.379046538632,1.09889097877296,6.77398997021994,74.5712586384609,25.8428908777162,3635.98700017205
53,80,40,both,514,10,828.603925333626,578.385980343522,-4.85385258130426e-05,1404.52582681561,1404.52587535413,1085.44742708382,356.37099133044,1398.13302401622,1041.76203268578,1010.18016714568,54.261443846855,1404.52582681561,1350.26438296875,3.71159253064381,23.3123441717592,361.053484314152,144.9296549473,9553.96609778815,514,10,365.918332604149,99.1278371574381,110.593653967378,480.380876377656,369.787222410278,354.101541792198,311.817959876237,475.401500086661,163.583540210424,379.082361585802,311.677613310986,480.380876377656,168.70326306667,1.11309268670597,6.77273426427276,72.8022942432679,25.5428427905194,3619.93261001617
54,90,40,both,469,10,773.604317869379,580.885305431254,-4.82451949460387e-05,1404.60775952026,1404.60780776546,882.738787700748,10.003396956066,1397.67650260845,1387.67310565239,967.042872143751,60.9077101094936,1404.60775952026,1343.70004941077,4.00443016367523,24.3244777667232,362.507154725799,145.765721767494,9563.38151537942,469,10,354.737479545747,99.5886733196225,110.581103577092,478.187965364027,367.606861786935,331.970122680148,308.724332781937,476.093365462803,167.369032680865,368.4229041896,310.181369037301,478.187965364027,168.006596326726,1.2122866328188,7.02525705926018,72.8173966741219,25.6491227405035,3602.51658442851
55,100,40,both,350,10,568.454919225445,520.803601746659,-4.79604944566482e-05,1404.70025060108,1404.70029856158,377.730387253835,13.8867317783786,1126.56967274804,1112.68294096966,770.455985546913,67.3546642823185,1404.70025060108,1337.34558631876,5.40912103380193,28.1177195075972,363.939486731104,202.369204835008,9567.73635943659,350,10,312.681393880501,79.9896996810393,110.568929598636,476.076942948977,365.508013350341,310.296217770246,307.080552178984,355.99723770189,48.9166855229061,322.722365398255,308.740640899939,476.076942948977,167.336302049037,1.61546114043846,8.05871011047528,72.8320462715035,30.2458615234282,3588.07822561441
56,0,50,segment2,346,10,673.289499136545,493.415714138141,-5.9271195153731e-05,1410.83142137708,1410.83148064827,689.677610110514,73.9745400861813,1170.03113993617,1096.05659984999,834.310600246782,-1.39506845155514e-05,1410.83142137708,1410.83143532776,5.24752776495332,27.8696736953507,382.529839924072,203.28554907691,9391.21308184275,346,10,403.94948919337,59.476058882298,110.697109319502,537.509128955839,426.812019636337,387.436015961833,374.948974707292,431.829118159942,56.8801434526493,408.292012774884,324.332591435872,537.509128955839,213.176537519967,1.85636957029771,9.3024653576207,88.6006815914468,25.7829366531971,4104.75001559659
57,10,50,both,511,10,906.119444595572,548.34132225459,-5.06307930308975e-05,1404.21573724897,1404.21578787976,1240.38239287546,328.121741169168,1384.0953808023,1055.97363963314,1058.84004561816,6.75472918850896,1404.21573724897,1397.46100806046,3.68259919154802,22.944900776092,328.974164789777,158.516700610606,9530.21036946427,511,10,383.962850568456,93.5355042185531,110.683328991185,495.791693936244,385.108364945059,397.084611833742,324.199831031285,469.625229664933,145.425398633648,395.169887579429,322.71010255907,495.791693936244,173.081591377174,1.17085321707582,7.17676853799201,86.5685494778323,27.4139839822092,3730.35428763525
58,20,50,both,510,10,892.004702637685,551.948722615815,-5.04369884748018e-05,1404.21154965044,1404.21160008743,1209.49100373582,333.143507939488,1388.18713083372,1055.04362289423,1048.67651546926,13.6484561407213,1404.21154965044,1390.56309350972,3.65292087297794,23.0245067319189,334.281895199804,155.788103124825,9539.81306943306,510,10,381.577526338573,94.1831237074832,110.669508460056,493.453355827485,382.78384736743,387.445712246008,322.307120581042,470.462492425102,148.15537184406,393.006967288861,321.071293006195,493.453355827485,172.38206282129,1.16539417498208,7.13057834587983,84.5111651548565,26.9307947979385,3713.09502309113
59,30,50,both,514,10,885.473574881282,552.610903060043,-5.01824908173195e-05,1404.2429335454,1404.24298372789,1188.17894014319,337.893054505517,1390.79447611427,1052.90142160875,1043.47886408642,20.5069359586302,1404.2429335454,1383.73599758677,3.66769611383984,23.0284260690739,339.510206202288,153.028286960491,9543.95223867459,514,10,378.966182761957,94.177852129204,110.656231822785,491.201447271798,380.545215449013,381.100918844607,320.552600689927,471.325231492325,150.772630802398,390.470971692964,319.453906764681,491.201447271798,171.747540507117,1.14881655845502,7.04675111908882,82.477209383116,26.580255571876,3696.70692635339
60,40,50,both,518,10,891.403793693547,555.652838954442,-4.97303503401608e-05,1404.21285931131,1404.21290904166,1217.525754377,342.551264467377,1386.44425554214,1043.89299107477,1050.12130643504,27.3295261119723,1404.21285931131,1376.88333319934,3.63466109516093,23.0184825830033,344.753883803456,149.742898005749,9535.84210909247,518,10,379.285112687722,96.3468002190187,110.644507627419,489.214745079373,378.570237451954,385.346923525741,318.929469169889,472.231333948158,153.301864778269,391.308040215502,317.85771892825,489.214745079373,171.357026151123,1.13304343158595,6.96764549491562,80.4662162219822,26.4440812533004,3683.31884712508
62,60,50,both,509,10,888.951697098646,553.188565821957,-4.91291255344092e-05,1404.33894038815,1404.33898951727,1189.61486322742,353.215937080542,1393.02194336127,1039.80600628073,1046.73372726405,40.8647137473548,1404.33894038815,1363.47422664079,3.73850859334939,23.4130937104771,355.425562731537,143.470927276142,9559.15785248749,509,10,374.676648954731,98.9030471838862,110.618952012134,484.779769351942,374.160817339808,376.207656855967,315.431330935447,473.919366760664,158.488035825217,387.485724004694,314.728006204439,484.779769351942,170.051763147503,1.13832653424101,6.9256501570662,76.5142246932047,26.2065652133852,3650.63256153729
63,70,50,both,533,10,853.298584770003,572.560088287128,-4.88332619819989e-05,1404.42791749576,1404.42796632902,1155.02343038204,352.922079528403,1395.86200494501,1042.9399254166,1027.29181495914,47.5805198662505,1404.42791749576,1356.84739762951,3.58099435300321,22.931002377636,359.512615978288,145.360974039238,9545.66982705614,533,10,370.636402748941,99.0945765602652,110.606269736042,482.573044435075,371.966774699033,365.760492875212,313.514647852884,474.667752921643,161.153105068758,383.630883308833,313.193032867754,482.573044435075,169.380011567321,1.08030261910318,6.71563882395599,74.571258637703,25.7966378021003,3636.04116458633
64,80,50,both,515,10,829.431451405919,579.626264692817,-4.85385305239816e-05,1404.50980776956,1404.50985630809,1084.50069562414,356.342206199445,1398.35369487331,1042.01148867387,1011.56847368823,54.2614438494705,1404.50980776956,1350.24836392009,3.66548397235331,23.2701634878789,361.053340862649,144.261216878748,9557.00322254014,515,10,366.808179504385,99.7476890058129,110.593653907971,480.376651770993,369.782997863022,353.872513567902,311.818407995694,475.395905111124,163.57749711543,380.103304903854,311.677613310395,480.376651770993,168.699038460598,1.11091904562475,6.76733186045272,72.8022942505689,25.4806039525988,3619.67367356316
65,90,50,both,464,10,767.744769535275,578.458841421473,-4.82451959220932e-05,1404.62615440419,1404.62620264938,880.483270307946,10.0051735576342,1396.53740938356,1386.53223582593,960.89828293373,60.9077101120964,1404.62615440419,1343.71844429209,4.08965884082401,24.4653632102407,362.485686273343,147.508762419959,9559.14359483174,464,10,352.90472621909,98.4803586791615,110.581103523536,478.203449886838,367.622346363302,330.149593046918,308.724330594513,467.12437353119,158.400042936677,366.35942071968,310.181369036717,478.203449886838,168.022080850121,1.22543294971622,7.06116441414966,72.8173966143804,25.7856273280884,3602.80851965505
66,100,50,both,354,10,576.346330905224,523.170481841742,-4.79605125535838e-05,1404.71496055383,1404.71500851434,377.798376634764,13.8871835170317,1129.67098797799,1115.78380446096,777.887692154363,67.3546642849091,1404.71496055383,1337.36029626892,5.37710321244122,27.9701730137623,363.920815762481,202.611284940314,9564.2776106822,354,10,313.640073208879,80.1049896622531,110.568929860837,476.087127082566,365.518197221729,310.3838258398,307.082809863022,359.344223420121,52.2614135570989,323.680055473183,308.740640899362,476.087127082566,167.346486183203,1.59720856855013,8.0115734441785,72.8320460844218,30.2288759762085,3588.43154477025
67,0,60,segment2,341,10,692.3849789678,499.283143274202,-5.92687888410818e-05,1410.83960092761,1410.8396601964,831.943505682438,74.0339956585192,1174.1536639118,1100.11966825329,853.199612716886,-1.39464280759779e-05,1410.83960092761,1410.83961487404,5.34318557799654,28.0677367336164,382.504855668508,200.46851601594,9392.49564763345,341,10,405.335975372642,60.3622519841262,110.697109066758,537.46902181072,426.771912743962,391.147551384278,374.93006023593,433.575729917311,58.6456696813802,409.792837111147,324.332591183516,537.46902181072,213.136430627203,1.88355116135507,9.37075481196211,88.6006815316525,25.7393568970804,4104.53091469793
68,10,60,both,507,10,904.927298728331,549.248463408879,-5.06307930331614e-05,1404.2070157797,1404.20706641049,1238.7049670077,328.111146327598,1384.21676643797,1056.10562011037,1058.28742458593,6.7547291924548,1404.2070157797,1397.45228658724,3.66397655143277,23.016581955121,328.974164844817,158.181856697341,9532.49298351553,507,10,383.951707048006,93.9259677852012,110.683328997026,495.772224082195,385.088895085169,396.504387992118,324.187996031163,469.670630194369,145.482634163206,395.251312714521,322.710102558128,495.772224082195,173.062121524067,1.18007049572936,7.20683886871515,86.5685494766509,27.4006806278202,3730.29792204251
69,20,60,both,514,10,895.952785873998,550.272189351274,-5.04369883740732e-05,1404.21624624039,1404.21629667737,1223.00634691968,333.237036437779,1388.29723350397,1055.06019706619,1051.16210587973,13.6484561446484,1404.21624624039,1390.56779009574,3.63480846392541,22.94136169551,334.281894880112,155.462863428362,9528.7297157392,514,10,382.312191922835,93.5566125619516,110.669508605827,493.455866612851,382.786358007025,390.509601025215,322.37017000196,470.473375836798,148.103205834838,393.571369608859,321.071293005265,493.455866612851,172.384573607586,1.15631217445142,7.10216468951725,84.5111651536881,26.8260330807215,3713.3288729152
70,30,60,both,522,10,891.513352771755,552.238686138985,-5.01824908173605e-05,1404.22245002838,1404.22250021087,1208.05410087784,338.072690853152,1391.82216797239,1053.74947711923,1048.41756737681,20.5069359625402,1404.22245002838,1383.71551406584,3.60748206894158,22.8528099105318,339.510206184708,152.493067115152,9544.198986666,522,10,380.207445037677,94.2147143489776,110.656231822218,491.203039088086,380.546807265868,384.711363188799,320.590364132051,471.336573277812,150.74620914576,391.684961468375,319.453906763762,491.203039088086,171.749132324324,1.13117943628428,6.9929915909311,82.4772093819596,26.5185576402025,3696.66388956221
71,40,60,both,520,10,883.019398610214,556.917460434857,-4.9730350408368e-05,1404.19048481987,1404.19053455022,1188.49665451339,341.833943884653,1386.48786614659,1044.65392226194,1043.68762576687,27.3295261158633,1404.19048481987,1376.860958704,3.59705336741824,22.978336989319,344.75387916757,149.193447388921,9534.1894210207,520,10,378.205881679767,96.4384563901268,110.64450774992,489.203899988476,378.559392238556,379.270433179208,318.892320060553,472.205280942524,153.312960881971,390.28474152837,317.857718927343,489.203899988476,171.346181061132,1.12865628089966,6.95515923484698,80.4662162208392,26.3698648893214,3678.62409212533
72,50,60,both,516,10,900.274858121079,551.577014716011,-4.94279342851468e-05,1404.26097862011,1404.26102804804,1225.99074846726,348.246324399806,1389.92233710743,1041.67601270762,1055.52944835522,34.1146467384511,1404.26097862011,1370.14633188166,3.65636519176109,23.145332013634,350.133673504851,145.525094432147,9543.73104252297,516,10,378.831921673678,97.4016355105466,110.631699572497,486.996827797247,376.36512822475,385.254231618862,317.24842523648,473.116920962552,155.868495726072,391.129540776276,316.28272611596,486.996827797247,170.714101681286,1.13012846847215,6.92896446073538,78.4790185187885,26.2588369885581,3667.09887677975
73,60,60,both,507,10,888.964976914267,554.700380968674,-4.91291255617643e-05,1404.33189420039,1404.33194332952,1189.62110179319,353.311888615655,1393.06685328958,1039.75496467393,1047.54205368657,40.8647137512095,1404.33189420039,1363.46718044918,3.73285960649329,23.4502702030491,355.425565232678,143.109438211244,9559.63814551727,507,10,374.910983469995,99.4606882414612,110.618952066689,484.772803140872,374.153851074183,376.215630529848,315.386305986817,473.910933657424,158.524627670607,387.854563385039,314.728006203555,484.772803140872,170.044796937318,1.14281208113435,6.94025748086185,76.514224692086,26.202358961534,3650.77692336817
74,70,60,both,527,10,848.982465171139,574.260497121143,-4.88332619054762e-05,1404.42547930659,1404.42552813985,1128.44989641831,352.729200023446,1395.91006947413,1043.18086945069,1024.65632554708,47.5805198700868,1404.42547930659,1356.8449594365,3.59072887000407,23.0522222377473,359.512757426741,145.08908564461,9547.59827640375,527,10,370.485101667628,99.6979896952335,110.606269723578,482.577113032814,371.970843309236,363.560086321858,313.506321859798,474.663375496914,161.157053637115,383.640507267829,313.193032866881,482.577113032814,169.384080165933,1.09263307300057,6.75433651824875,74.5712586365963,25.780034617631,3636.04642598491
75,80,60,both,521,10,837.088720388765,578.69613561694,-4.85385358048167e-05,1404.53251903235,1404.53256757089,1121.80739798789,356.449773357629,1398.37037613389,1041.92060277626,1017.33178539394,54.2614438532887,1404.53251903235,1350.27107517907,3.66350729269741,23.145317761289,361.051475630757,144.471631481932,9555.25329952929,521,10,367.675493119271,99.3927386800986,110.593654034415,480.402114798729,369.808460764314,358.663690423864,311.820604023054,475.407810079615,163.587206056561,380.848031753887,311.677613309532,480.402114798729,168.724501489197,1.09815137332611,6.7260324708247,72.8022942432824,25.506752001899,3620.18734405764
77,100,60,both,354,10,578.872474046855,525.826376970182,-4.79604943865894e-05,1404.71188181165,1404.71192977215,377.798887299195,13.8871738721763,1149.95549701493,1136.06832314275,781.54057168171,67.3546642886908,1404.71188181165,1337.35721752296,5.37850331293669,27.9533882532538,363.909262217964,202.5049151837,9564.59705704363,354,10,314.215749399066,80.5830974184315,110.568929595742,476.089604776942,365.520675181199,310.37612904863,307.082731485637,360.176290463133,53.0935589774956,324.356022229594,308.74064089852,476.089604776942,167.348963878421,1.59723047070447,8.01155429139163,72.8320462717828,30.1943423118454,3588.13430495792
78,0,70,segment2,337,10,681.677816662773,492.972242076998,-5.92640495959364e-05,1410.84000546787,1410.84006473192,826.71486829411,74.1460781482334,1144.62077139631,1070.47469324808,840.824086685785,-1.39380451043538e-05,1410.84000546787,1410.84001940591,5.35288676284509,28.2215230641366,382.547670287971,202.133542740166,9393.0304910397,337,10,403.635130333118,59.1485617630206,110.697108568943,537.421318290619,426.724209721676,392.757160139344,374.895228687011,426.635455592427,51.7402269054162,407.933192246797,324.332590686515,537.421318290619,213.088727604104,1.90583241618824,9.42641815355821,88.6006814139155,25.8129917677103,4104.26960329062
79,10,70,both,521,10,918.85429195909,544.29654454771,-5.06307930059151e-05,1404.22179469816,1404.22184532895,1256.40629528324,328.299638914098,1384.28124461636,1055.98160570226,1067.70000630459,6.75472920022568,1404.22179469816,1397.46706549793,3.63397352226464,22.7440736565811,328.97416470372,157.163532390729,9519.3573374765,521,10,386.392768249284,92.8572097822558,110.68332905544,495.798709848578,385.115380793138,403.632250493651,324.2418264566,469.677790332928,145.435963876328,397.372977105807,322.710102556273,495.798709848578,173.088607292304,1.14835030088724,7.10626385417378,86.568549474324,27.2306949008321,3730.01860238809
80,20,70,both,525,10,905.269492176197,549.586234154092,-5.04369884891031e-05,1404.21486009771,1404.2149105347,1242.3088787476,333.448192115854,1388.43743517975,1054.98924306389,1058.76463785503,13.6484561523841,1404.21486009771,1390.56640394532,3.57115071359508,22.7042712091949,334.281894701306,154.728266052087,9539.47459653297,525,10,383.789356999368,93.9205855609913,110.669508441888,493.458049406323,382.788540964436,396.42920776059,322.40115582832,470.557079121749,148.155923293429,395.093083826884,321.071293003434,493.458049406323,172.386756402889,1.13204261199528,7.0267972618668,84.5111651513869,26.8483900701376,3713.01427996254
81,30,70,both,525,10,893.296602551821,552.721743204686,-5.01824908162624e-05,1404.22127331401,1404.2213234965,1223.13297634729,338.026487003035,1392.09942843714,1054.0729414341,1050.18962014265,20.5069359702403,1404.22127331401,1383.71433734377,3.57487263569581,22.7888218507417,339.51020621728,152.412750590778,9544.36321177237,525,10,380.807620704445,94.335921685791,110.656231822453,491.201498495616,380.545266673162,387.957389333254,320.609553086814,471.29680019916,150.687247112345,392.296774296962,319.453906761954,491.201498495616,171.747591733662,1.12470027807114,6.97309860173105,82.4772093796823,26.4921563436029,3696.65363745554
82,40,70,both,519,10,889.426582117991,556.406138158392,-4.97303502520858e-05,1404.20237594191,1404.20242567226,1207.67043443768,342.592997358029,1386.55662194577,1043.96362458774,1048.84266088456,27.3295261235267,1404.20237594191,1376.87284981839,3.61289329876889,22.9928280654639,344.75388793092,149.103115917641,9538.52616062342,519,10,379.033059109719,96.6313756426938,110.644507569565,489.213001901975,378.56849433241,382.320892539774,318.885916870889,472.189440338012,153.303523467124,391.133853163674,317.857718925557,489.213001901975,171.355282976418,1.13085272411473,6.96132474176341,80.4662162185879,26.4010731000003,3683.39781012048
83,50,70,both,519,10,896.422960026776,552.464679509252,-4.94279341624717e-05,1404.26149350233,1404.26154293027,1223.26486396055,348.080455657959,1389.99164416521,1041.91118850725,1052.71233403778,34.1146467460763,1404.26149350233,1370.14684675626,3.65809825526209,23.0733169541264,350.133676089552,146.104546768041,9544.81690900869,519,10,378.144257336204,97.2496834109677,110.631699537322,487.01380928878,376.382109751458,384.407792748846,317.227257885817,473.080094684712,155.852836798895,390.425867143496,316.282726114197,487.01380928878,170.731083174583,1.12361610586411,6.90773120945039,78.4790185165621,26.2719223231432,3667.31522491369
84,60,70,both,508,10,890.971391339487,553.124567809716,-4.91291237160093e-05,1404.31981135038,1404.3198604795,1189.1794670846,353.36033960994,1393.14004151718,1039.77970190724,1048.41525658699,40.8647137588016,1404.31981135038,1363.45509759158,3.70471629991926,23.4414192430323,355.425565594918,142.082975804497,9553.248358697,508,10,376.310165058681,98.6319545763187,110.618952325179,484.762469453971,374.143517128792,375.67162304015,315.440285420063,473.862065737355,158.421780317292,388.996725779378,314.728006201813,484.762469453971,170.034463252158,1.14053763068275,6.93452618434725,76.514224689883,25.932237465717,3650.84693952889
85,70,70,both,541,10,856.434020613405,572.46545259529,-4.88332618382109e-05,1404.44180889977,1404.44185773304,1158.91662222709,353.063612085501,1395.97512813309,1042.91151604759,1029.8495837215,47.5805198776423,1404.44180889977,1356.86128902213,3.54933575639972,22.7726707796862,359.513029960238,144.967202249015,9543.76017433813,541,10,371.39983447429,99.1657826208595,110.606269699683,482.595634242087,371.989364542404,366.852198964876,313.519639878622,474.650250870695,161.130610992073,384.387190621538,313.19303286516,482.595634242087,169.402601376926,1.06433961346956,6.66407017458983,74.5712586344169,25.7601158829031,3636.07990348603
86,80,70,both,519,10,834.841168844225,578.685071006409,-4.85385358043232e-05,1404.52429078053,1404.52433931907,1089.93535067203,356.411877999809,1398.39331544545,1041.98143744564,1015.4757282523,54.2614438608083,1404.52429078053,1350.26284691972,3.66905986034445,23.2018071263486,361.054424183779,144.227436226752,9554.41930927094,519,10,367.331484322477,99.4435122299451,110.5936540344,480.386206603289,369.792552568889,357.272157284737,311.819797837057,475.349183126481,163.529385289424,380.529075795682,311.677613307833,480.386206603289,168.708593295457,1.10235800318054,6.73988876239762,72.8022942432996,25.490382181738,3620.09814813678
88,100,70,both,355,10,580.08511153916,525.425364875415,-4.79604947560227e-05,1404.71157770168,1404.71162566217,377.807413237193,13.8872831287057,1157.7182062655,1143.83092313679,782.171901567692,67.3546642961396,1404.71157770168,1337.35691340554,5.35841801804183,27.9178161746442,363.898247950079,203.124560477386,9563.19362094672,355,10,314.176269609553,80.321590946402,110.568929633181,476.085071093954,365.516141460773,310.414514403413,307.082996826833,360.972296760385,53.8892999335524,324.253161827602,308.740640896862,476.085071093954,167.344430197092,1.59271986341918,8.00065715953682,72.8320460844474,30.2439663018382,3588.20724490385
89,0,80,segment2,344,10,696.870656265817,494.585502739957,-5.92565029757162e-05,1410.85603712578,1410.85609638228,835.280349923182,74.3316487107268,1145.09827945842,1070.76663074769,854.126712785203,-1.39246966102045e-05,1410.85603712578,1410.85605105048,5.26632904368889,27.9491341993144,382.549195259388,200.281913478263,9392.34192369388,344,10,404.648410113464,59.1418592804345,110.697107776145,537.392693789061,426.695586012916,394.898430038,374.857191486697,427.44631093461,52.5891194479128,408.935113949538,324.332589895144,537.392693789061,213.060103893917,1.86685442604058,9.32779291293047,88.6006812265123,25.7397215698019,4104.00694996701
90,10,80,both,517,10,919.635189384478,545.796100167978,-5.06307930116784e-05,1404.19705490598,1404.19710553678,1255.85540692043,328.290136919949,1384.47751035234,1056.18737343239,1069.13332583651,6.75472921259798,1404.19705490598,1397.44232569338,3.58796984526332,22.7929288983406,328.974164896105,156.223757348851,9527.94539150043,517,10,386.993388503569,93.5215356548728,110.683329035642,495.768609903882,385.08528086824,402.615878589922,324.23283354598,470.137100428071,145.904266882092,398.112098549972,322.71010255332,495.768609903882,173.058507350562,1.15719390806539,7.13726029485499,86.5685494706194,27.1748585133371,3729.79172951466
91,20,80,both,533,10,909.998193311675,549.737231083812,-5.04369884454093e-05,1404.19975300175,1404.19980343874,1253.85565822773,333.518773635087,1388.6021286181,1055.08335498302,1062.89262629233,13.6484561647007,1404.19975300175,1390.55129683705,3.49918802221633,22.5383485856912,334.281895873382,153.97579128016,9536.1250842158,533,10,384.877181771083,94.1736639393894,110.669508490684,493.443620376907,382.774111886223,399.939964813455,322.424044062477,470.752991672253,148.328947609777,396.210152387909,321.071293000518,493.443620376907,172.37232737639,1.11499229235731,6.9749156470141,84.5111651477232,26.7958151383192,3713.42867177248
92,30,80,both,529,10,896.850950679424,553.482583085373,-5.01824907608432e-05,1404.23083460421,1404.2308847867,1227.20306544833,338.156577178268,1392.22231261203,1054.06573543376,1053.6154418344,20.5069359825004,1404.23083460421,1383.72389862171,3.55583893124686,22.7014588440023,339.510207030434,152.037819653833,9543.58104698132,529,10,381.660580507736,94.7064510566854,110.656231839197,491.213148417415,380.556916578218,389.840733820475,320.606461055808,471.346209501447,150.739748445639,393.213879923287,319.453906759074,491.213148417415,171.759241658341,1.11620188558568,6.94576626321644,82.4772093760564,26.4837966892909,3697.14687843025
93,40,80,both,534,10,901.04957332187,553.229411246948,-4.97303503966626e-05,1404.2047782197,1404.20482795005,1233.66903094904,342.854720906508,1388.96430019642,1046.10957928991,1057.06194888285,27.3295261357273,1404.2047782197,1376.87525208397,3.53477220555393,22.6872920778656,344.753874762334,148.123574639503,9530.76837699156,534,10,381.055411420376,96.1191265428016,110.644507724438,489.215721559981,378.571213835543,390.259744906064,318.986300890098,472.252700820041,153.266399929944,392.969224971303,317.857718922714,489.215721559981,171.358002637267,1.09903270238808,6.86153563609823,80.4662162150033,26.2974130519697,3683.41306693035
95,60,80,both,519,10,896.408150900976,553.85408271881,-4.91291255328042e-05,1404.31871032111,1404.31875945023,1209.60821387357,353.331512047834,1393.2609498296,1039.92943778177,1053.42815090153,40.8647137708883,1404.31871032111,1363.45399655022,3.61492610576448,23.1709779503403,355.425562825604,141.90301576589,9562.80005674674,519,10,377.244077853949,99.7100473790443,110.618952012089,484.762841108673,374.143889096584,380.078601512157,315.483602927825,473.859860084779,158.376257156954,390.174360478231,314.72800619904,484.762841108673,170.034834909634,1.11631843850551,6.86079137474116,76.5142246863755,26.049788051708,3650.54528801198
96,70,80,both,533,10,856.448849691351,574.854856389192,-4.8833262004361e-05,1404.41925268474,1404.419301518,1159.57450974888,353.304730987594,1396.02174276367,1042.71701177608,1031.18511510083,47.5805198896725,1404.41925268474,1356.83873279507,3.5514510432784,22.9222973644474,359.512527766152,144.515921603915,9547.31919772685,533,10,371.954740755294,100.077849023779,110.606269743718,482.573169586424,371.966899842707,367.394785682639,313.509663305764,474.575752191806,161.066088886042,385.158557072894,313.193032862421,482.573169586424,169.380136724003,1.08030293121801,6.71644772924121,74.571258630947,25.7523855980903,3636.12573898698
97,80,80,both,520,10,838.702212082374,579.56130919226,-4.85385358030099e-05,1404.51556754987,1404.5156160884,1107.07770076603,356.398592041916,1397.96386829118,1041.56527624926,1019.15002175119,54.2614438727814,1404.51556754987,1350.25412367708,3.64300023089243,23.1569477316667,361.051449370517,143.538949692924,9557.00346609532,520,10,368.501948449345,100.032425908588,110.593654034308,480.383662620605,369.790008586297,358.011698193555,311.82024411348,475.29980230606,163.479558192579,381.812688371359,311.677613305127,480.383662620605,168.706049315478,1.10023174188554,6.73406979899956,72.8022942433306,25.447557509858,3620.09331779135
98,90,80,both,466,10,763.906416974906,577.539119870141,-4.82451949310691e-05,1404.61161886917,1404.61166711436,879.705015220608,9.94946525295612,1393.38924051284,1383.43977525988,957.281919428268,60.9077101352955,1404.61161886917,1343.70390873387,4.08297319987055,24.4375502555661,362.506996258587,148.000634408429,9558.09063601555,466,10,351.969244237673,98.0014487048576,110.581103578925,478.201543714383,367.620440135458,329.590649507598,308.724323540705,463.002534538601,154.278210997896,365.33001900487,310.181369031514,478.201543714383,168.02017468287,1.2201371939338,7.04588666366008,72.8173966736443,25.8080455195537,3602.53327655626
99,100,80,both,353,10,571.12599550406,524.495505937399,-4.79604847000824e-05,1404.71112044541,1404.7111684059,377.766999654718,13.886692069253,1128.67601086366,1114.78931879441,774.920080409794,67.3546643079991,1404.71112044541,1337.35645613741,5.37266799999044,27.9868603986582,363.903028242276,202.236787093971,9565.10485011015,353,10,312.950818072739,80.697025386369,110.568929366979,476.087736724162,365.518807357182,310.283131954138,307.07404186318,358.390481860177,51.3164399969965,323.15905807895,308.740640894221,476.087736724162,167.347095829941,1.60177075005152,8.02345877062944,72.8320462718268,30.2702953695526,3584.32074394168
100,0,90,segment2,350,10,707.245030548425,495.062933875691,-5.92469620858059e-05,1410.86327898649,1410.86333823345,903.108609808923,74.564685253286,1163.98715077115,1089.42246551786,862.891993403693,-1.39078211231764e-05,1410.86327898649,1410.86329289431,5.20565197303355,27.7150627630477,382.602487052937,200.403062377909,9390.26150235657,350,10,405.821647011198,59.1932441644949,110.697106773676,537.350922388189,426.653815614513,396.969964200097,374.806800074625,430.430089485229,55.623289410604,410.103692211773,324.332588894711,537.350922388189,213.018333493479,1.83463982159183,9.24541844269919,88.6006809897214,25.7162478095176,4103.64656923278
101,10,90,both,541,10,934.339726983186,543.762456397259,-5.06307930277203e-05,1404.20573849482,1404.20578912561,1288.52839575044,328.514172102437,1384.54986903011,1056.03569692767,1080.79683353891,6.75472922823795,1404.20573849482,1397.45100926658,3.50548039607568,22.3144289263116,328.974164937939,156.366499806264,9526.92554155177,541,10,389.329442965173,93.3820007885161,110.683329003975,495.792308062078,385.108979058103,416.679394467052,324.325927283694,470.18946735233,145.863540068636,400.351713578538,322.710102549587,495.792308062078,173.082205512491,1.10580695332103,6.97441183461227,86.5685494659365,27.2544858362438,3730.35661513637
102,20,90,both,545,10,922.446066983341,545.367634812516,-5.04369883852026e-05,1404.22557727393,1404.22562771092,1268.81508207094,333.645434200613,1388.46468172598,1054.81924752537,1071.3481544654,13.6484561802696,1404.22557727393,1390.57712109366,3.47841408320823,22.3072477537478,334.281894980749,153.631575190631,9524.67906364788,545,10,386.981378934148,93.0869790701233,110.669508604839,493.477084183792,382.807575578952,406.930423181931,322.552948354439,470.790752773553,148.237804419114,397.999841571482,321.071292996831,493.477084183792,172.40579118696,1.09045838797362,6.89457103904182,84.511165143092,26.6898106471419,3713.26513312199
103,30,90,both,550,10,913.022086600283,550.692517599792,-5.01824907668744e-05,1404.21995383892,1404.22000402141,1256.41200576794,338.622601942991,1392.08112865295,1053.45852670996,1065.98320514592,20.5069359979983,1404.21995383892,1383.71301784093,3.41584896362451,22.2697385398517,339.510202532349,150.588678801028,9529.22368079088,550,10,384.558233842515,95.0140996901307,110.656232135149,491.19925688736,380.54302475221,399.088384759962,320.71030003795,471.802674399749,151.092374361799,396.10137641004,319.453906755434,491.19925688736,171.745350131926,1.07348033402286,6.81264243345816,82.477209371473,26.4450126203151,3698.08612213061
104,40,90,both,539,10,911.781893741411,552.519378189231,-4.97303503172476e-05,1404.18694024066,1404.18698997101,1243.9902112753,343.26570747525,1390.20152889971,1046.93582142446,1065.85998478944,27.3295261511507,1404.18694024066,1376.85741408951,3.47529374802317,22.5609326419086,344.753882781569,146.820717564573,9536.82884299005,539,10,383.181696768612,96.5860590802685,110.644507640653,489.212127627002,378.567619986349,394.333479242623,319.074655317735,472.561498562926,153.486843245191,395.145254073109,317.85771891912,489.212127627002,171.354408707882,1.08881196401353,6.83078513074476,80.4662162104721,26.2407682162796,3683.54635875037
105,50,90,both,539,10,921.150882169415,548.698973830309,-4.94279342827606e-05,1404.25658465224,1404.25663408017,1265.18108485572,349.066282177297,1390.27324798866,1041.20696581136,1071.92860729117,34.1146467735644,1404.25658465224,1370.14193787868,3.52243009626634,22.6568911532923,350.133673632619,144.106917983909,9542.38992172021,539,10,382.80635467953,97.2593169891359,110.631699572431,487.00209219329,376.37039262086,398.07842129292,317.51289413781,473.124056721543,155.611162583733,394.946236928332,316.282726107841,487.00209219329,170.719366085449,1.08182421124761,6.77863128755042,78.4790185085365,26.1385651995044,3667.08445403396
106,60,90,both,531,10,910.508492687355,552.787912150212,-4.91291255330234e-05,1404.33568033691,1404.33572946604,1242.96124713745,353.891340029491,1393.42337215188,1039.53203212238,1064.90596826788,40.8647137861677,1404.33568033691,1363.47096655075,3.56850103160377,22.9234540158747,355.425563007382,141.706965801941,9560.2318395067,531,10,379.496103255748,99.6048433570609,110.618952014362,484.780807496076,374.161855481713,389.626927993853,315.521924686773,473.834017989133,158.312093302361,392.326054902802,314.728006195534,484.780807496076,170.052801300542,1.09107720287619,6.78078072045025,76.5142246819416,26.0649605747568,3650.65069854553
107,70,90,both,546,10,862.451062210459,574.4994538336,-4.88332618363829e-05,1404.42394370993,1404.42399254319,1173.24992469108,353.126567832169,1396.28131388654,1043.15474605437,1035.9859896133,47.5805199048797,1404.42394370993,1356.84342380505,3.46630272486267,22.6573523007921,359.513030061308,143.835562646421,9546.71974382946,546,10,373.696830423371,100.212675789457,110.606269699632,482.577538272769,371.971268573137,370.138430911093,313.52492994036,474.556377190978,161.031447250617,386.876606236383,313.193032858959,482.577538272769,169.38450541381,1.05454182617702,6.63546738746884,74.5712586265607,25.6502895303064,3636.00438886198
108,80,90,both,516,10,829.968803950042,577.616364108132,-4.85385358025892e-05,1404.5173763573,1404.51742489583,1086.90083001347,356.378488500086,1397.87053706151,1041.49204856142,1010.86215142396,54.2614438879158,1404.5173763573,1350.25593246938,3.72515514080497,23.2921048223367,361.051448578791,145.010975797486,9550.25373086029,516,10,365.894059552208,98.835291254108,110.593654034352,480.385913795849,369.792259761497,354.760526040891,311.81880228638,475.201552927857,163.382750641476,378.982778733349,311.677613301707,480.385913795849,168.708300494142,1.1087816031132,6.75846169145604,72.8022942433609,25.5499215898361,3620.02762761297
110,100,90,both,356,10,579.189582348292,528.202230042834,-4.79604846991763e-05,1404.71166268684,1404.71171064733,377.798950718126,13.8868096500936,1158.89894051335,1145.01213086326,783.373772225718,67.3546643229905,1404.71166268684,1337.35699836385,5.36171233619837,27.8798114677256,363.923317576971,203.100166041369,9565.07574106449,356,10,314.077743495634,81.0461416455229,110.568929366951,476.087989103098,365.519059736147,310.324445409444,307.078487252545,361.543209073778,54.4647218212333,324.337563745911,308.740640890883,476.087989103098,167.347348212215,1.58820937511414,7.98854481244097,72.8320462718608,30.2869192998436,3584.28561561476
111,0,100,segment2,349,10,709.798574293565,495.241150130851,-5.92381978668713e-05,1410.86444120348,1410.86450044167,903.850314855882,74.7755141062361,1144.8127448324,1070.03723072616,865.086730482406,-1.38923198500527e-05,1410.86444120348,1410.8644550958,5.18526248100865,27.7409154588347,382.594615890264,202.340940370721,9393.38562752446,349,10,405.271722292862,58.5128761168647,110.697105852651,537.283367678989,426.586261826338,397.435153932191,374.749105847324,427.937352342765,53.188246495441,409.461982814833,324.332587975782,537.283367678989,212.950779703207,1.83971765502722,9.25862236381377,88.6006807723402,25.8112202819534,4103.23226984437
112,10,100,both,542,10,933.248116871524,544.046870198648,-5.06307930264368e-05,1404.21587211079,1404.21592274158,1285.50491527945,328.452539421094,1384.77228729654,1056.31974787544,1079.99673293337,6.75472924260244,1404.21587211079,1397.46114286819,3.4674704513224,22.297894512276,328.97416496398,156.213118231372,9526.73657411529,542,10,389.183728178462,93.4008192490574,110.683329005151,495.791255931635,385.107926926484,414.914398466038,324.296357086392,470.483179290486,146.186822204094,400.21443240315,322.710102546159,495.791255931635,173.081153385476,1.10376100306211,6.9677171001421,86.5685494616354,27.2248213077855,3730.42310432561
113,20,100,both,552,10,926.402765592335,547.117471956208,-5.04369884412068e-05,1404.21277716475,1404.21282760174,1285.71575894035,333.658032946294,1388.87338383803,1055.21535089174,1075.64740230534,13.6484561945684,1404.21277716475,1390.56432097019,3.41398243362493,22.1611114366991,334.281895757853,153.461348187973,9534.9424751084,552,10,387.810856817398,93.8475160443898,110.669508480203,493.455096101932,382.785587621728,412.309296368118,322.547177090908,471.140283230194,148.593106139286,398.98453801819,321.071292993446,493.455096101932,172.383803108486,1.07656510939816,6.85252405798007,84.5111651388384,26.7470405429503,3713.44149465663
114,30,100,both,564,10,928.589275320583,545.791719624278,-5.01824906488612e-05,1404.22771564835,1404.22776583084,1282.59347027546,338.891290229705,1389.8362204089,1050.9449301792,1076.86511326725,20.5069360122321,1404.22771564835,1383.72077963612,3.35141738348903,21.9995268899261,339.510208629712,149.431525712979,9533.74746177133,564,10,387.799680595469,93.7939025615459,110.656232017745,491.214746686482,380.558514668737,409.484240394615,320.921082046452,471.860872842942,150.93979079649,398.961514916965,319.453906752091,491.214746686482,171.760839934391,1.04681384264938,6.72620031435195,82.4772093672634,26.22339703172,3697.13285511873
115,40,100,both,560,10,929.366929732034,546.724824150833,-4.97303502290774e-05,1404.20439236981,1404.20444210016,1278.18239990945,343.888625761059,1390.37462182709,1046.48599606603,1078.00610345074,27.3295261653155,1404.20439236981,1376.87486620449,3.40644578310792,22.1589769486438,344.753892910197,146.434650987286,9539.54102168352,560,10,386.207726687293,94.665821357778,110.644507421415,489.229632279925,378.58512485851,405.655110292094,319.418749496538,472.686362395997,153.267612899459,397.620450929653,317.857718915819,489.229632279925,171.371913364106,1.04793978845165,6.69904549284526,80.4662162063106,26.0402608027743,3682.29350471194
116,50,100,both,551,10,925.395108629012,549.848274646395,-4.94279341058338e-05,1404.25675177016,1404.25680119809,1275.48517806893,349.192467274292,1391.0410650925,1041.8485978182,1076.1693794424,34.1146467876597,1404.25675177016,1370.1421049825,3.44317555713658,22.4058744042604,350.133685122774,143.581822006812,9550.84421768412,551,10,383.378925143847,98.5812492376827,110.631699267551,486.999937245231,376.36823797768,402.384804124714,317.472514583565,473.365941877899,155.893427294334,395.828277723243,316.282726104582,486.999937245231,170.717211140649,1.05821685711005,6.70407387719649,78.4790185044209,26.2787180603457,3667.35371084
117,60,100,both,538,10,921.064225418481,550.493367422481,-4.91291239203453e-05,1404.33926331292,1404.33931244204,1262.02099932657,354.359619989775,1393.58128775553,1039.22166776575,1072.77163369827,40.8647138002013,1404.33926331292,1363.47454951272,3.53097874770483,22.7761046782716,355.425565518727,140.822299971081,9552.91480569548,538,10,381.807594537277,98.534808246012,110.618952336001,484.779378273671,374.160425937669,395.866517715213,315.640118221258,473.891679117442,158.251560896183,394.294434417308,314.728006192314,484.779378273671,170.051372081357,1.07685193210565,6.73635729102139,76.5142246778692,25.8450590076519,3651.1903936881
118,70,100,both,551,10,869.385599866379,572.978060558367,-4.88332617194575e-05,1404.42348743755,1404.42353627081,1189.92280490905,353.950887006622,1396.40093705897,1042.45005005235,1040.93196048701,47.5805199188467,1404.42348743755,1356.8429675187,3.43630119791939,22.5423522049594,359.513224630611,143.238514430078,9547.90968468866,551,10,374.851030723504,100.070168145506,110.606269682404,482.579438471214,371.973168788809,374.331387601318,313.538225728031,474.506848494425,160.968622766393,387.955099835663,313.193032855779,482.579438471214,169.386405615435,1.04495837320395,6.6052259439193,74.5712586225321,25.6079895474991,3635.57772004395
119,80,100,both,500,10,812.108812749551,579.455895664453,-4.85385258095108e-05,1404.53333011495,1404.53337865347,1012.84303250165,355.576776444855,1398.15460768013,1042.57783123527,997.305530164021,54.2614439018165,1404.53333011495,1350.27188621313,3.82380319836824,23.6255665342135,361.053456115521,146.324755431358,9554.75276065952,500,10,363.247544714629,99.0577217683926,110.593653967274,480.403338926628,369.809684959354,346.629285928996,311.814903502687,475.149651041267,163.33474753858,376.485837872644,311.677613298566,480.403338926628,168.725725628062,1.14436678120982,6.86584027045493,72.8022942433926,25.6424746313941,3620.00545438849
120,90,100,both,460,10,755.825221870914,577.018988059294,-4.82451970245421e-05,1404.60507482773,1404.60512307293,789.103412139176,9.9233983371506,1392.0162484308,1382.09285009365,950.52557686024,60.9077101641918,1404.60507482773,1343.69736466354,4.11584022624794,24.5857332595724,362.501557369454,148.27787487866,9559.06884969479,460,10,351.033634769515,98.028308618943,110.581103633124,478.195652131401,367.614548498277,326.802086236723,308.724320052076,462.219397265464,153.495077213389,364.4355521977,310.181369025033,478.195652131401,168.014283106368,1.23607929130317,7.09276120618768,72.8173966803451,25.8144947483532,3602.98143233593
121,100,100,both,354,10,578.562884593784,525.44360707233,-4.79604943837453e-05,1404.7133280969,1404.71337605739,377.798875421457,13.8871522404754,1150.38988873068,1136.50273649021,781.054465199553,67.3546643367597,1404.7133280969,1337.35866376014,5.37952419849283,27.9555768333422,363.925641685036,202.316062381698,9566.20328564797,354,10,314.131311984336,80.5260394632071,110.568929595655,476.087209879909,365.518280284253,310.361812443748,307.083341036499,360.314856246789,53.2315152102893,324.260090922315,308.740640887817,476.087209879909,167.346568992092,1.59720256910579,8.01192322968246,72.8320462718922,30.182630771576,3588.15090228493
